"Country / Region","iso3c","Description","2023","2022","2021","2020","2019","2018","2017","2016","2015","2014","2013","2012","2011","2010","2009","2008","2007","2006","2005","2004","2003","2002","2001","2000","1999","1998","1997","1996","1995","1994","1993","1992","1991","1990","1989","1988","1987","1986","1985","1984","1983","1982","1981","1980"
"Afghanistan","AFG","Number of Measles Cases",2792,5166,2900,640,353,2012,1511,638,1154,492,430,2787,3013,1989,2861,1599,1141,1990,1296,466,798,2486,8762,6532,3609,2205,NA,NA,NA,NA,NA,NA,792,1609,1170,4561,10357,8107,14457,16199,18808,20320,31107,32455
"Albania","ALB","Number of Measles Cases",13,1,NA,4,488,1469,12,17,NA,NA,0,9,28,10,0,NA,22,68,6,7,8,16,18,662,797,1901,2386,1204,15,29,7,0,0,NA,136034,0,0,0,0,0,17,3,NA,NA
"Algeria","DZA","Number of Measles Cases",203,47,NA,NA,2585,3356,112,41,63,0,25,18,112,103,107,217,0,944,2302,3289,15374,5862,2686,NA,2503,3301,19573,21003,8204,5913,3141,8823,5969,1796,4169,2634,2500,3975,20114,22553,22126,29584,20849,15527
"American Samoa","ASM","Number of Measles Cases",NA,NA,NA,NA,NA,NA,NA,NA,NA,NA,NA,NA,0,NA,NA,0,0,NA,0,0,NA,NA,0,1,0,2,12,0,0,0,0,0,19,498,2,3,1,2,28,0,0,2,3,16
"Andorra","AND","Number of Measles Cases",0,0,0,0,0,0,0,0,0,0,0,0,0,0,0,0,0,0,0,0,0,1,5,2,2,NA,5,NA,NA,NA,NA,NA,NA,NA,NA,NA,NA,NA,NA,NA,NA,NA,NA,NA
"Angola","AGO","Number of Measles Cases",3508,3271,300,1085,2987,57,29,53,119,11699,8523,4458,1449,1190,2807,265,1014,765,258,29,1196,11945,9046,2219,350,2576,8183,251,635,5480,9273,16772,18382,29069,19820,21009,13368,15580,22822,22685,22589,30067,19714,29656
"Anguilla","AIA","Number of Measles Cases",0,0,0,0,0,0,0,NA,NA,NA,NA,NA,NA,NA,NA,NA,NA,NA,NA,NA,0,NA,0,0,0,0,0,0,0,0,0,0,1,15,7,2,0,0,0,0,0,1,0,0
"Antigua and Barbuda","ATG","Number of Measles Cases",0,0,0,0,0,1,0,0,0,0,0,0,0,0,0,0,0,0,0,0,0,0,0,0,0,0,0,0,0,0,0,0,0,0,0,0,0,0,1,1,10,0,247,2291
"Argentina","ARG","Number of Measles Cases",0,2,0,69,130,14,3,0,0,1,0,2,3,17,3,0,0,0,0,0,0,0,0,6,313,10229,125,59,655,134,5087,20551,42093,1967,4009,4751,8024,6448,9240,31751,7106,4432,17582,16102
"Armenia","ARM","Number of Measles Cases",554,0,0,0,7,19,1,2,33,13,10,0,0,2,0,0,1,137,2281,1783,4,40,69,15,41,52,802,2027,187,149,338,46,192,879,NA,NA,NA,NA,NA,NA,NA,NA,NA,NA
"Aruba","ABW","Number of Measles Cases",NA,0,0,NA,1,0,0,NA,NA,NA,NA,NA,NA,NA,NA,NA,NA,NA,NA,NA,NA,NA,NA,NA,NA,NA,NA,NA,NA,NA,NA,NA,NA,NA,NA,NA,NA,NA,NA,NA,NA,NA,NA,NA
"Australia","AUS","Number of Measles Cases",26,7,0,25,286,103,81,99,74,340,158,199,190,70,104,65,11,NA,10,70,91,32,141,108,235,327,853,498,1198,4895,4536,1425,1380,880,169,248,NA,NA,NA,NA,NA,NA,NA,NA
"Austria","AUT","Number of Measles Cases",186,1,1,25,NA,77,95,27,309,117,NA,36,68,52,49,448,20,23,9,15,90,NA,0,NA,1,0,0,NA,NA,NA,60,NA,NA,NA,NA,NA,NA,NA,NA,NA,NA,NA,NA,NA
"Azerbaijan","AZE","Number of Measles Cases",13207,1,0,2,281,55,0,0,0,0,164,0,0,0,NA,5,0,222,1238,827,1978,4353,574,210,1081,2891,678,151,474,6478,1321,535,6122,2026,NA,NA,NA,NA,NA,NA,NA,NA,NA,NA
"Bahamas","BHS","Number of Measles Cases",0,0,0,0,3,0,0,0,0,0,0,0,0,0,0,0,0,0,0,0,0,0,0,0,0,0,1,0,0,0,0,0,0,72,59,22,42,85,26,36,2868,50,45,484
"Bahrain","BHR","Number of Measles Cases",3,18,0,0,3,0,0,0,0,46,NA,0,0,0,3,2,7,3,4,11,12,8,5,6,38,4,4,74,3,0,2,12,7,59,181,5,22,97,1910,1134,438,1147,329,1861
"Bangladesh","BGD","Number of Measles Cases",281,311,203,2410,5827,2263,4001,972,240,289,237,1986,5625,788,718,2660,2924,6192,25934,9743,4067,3484,4414,5098,5666,6522,10329,4929,4995,9571,5443,5768,9292,1705,27327,11471,13631,14352,11699,11851,9569,18116,10441,11077
"Barbados","BRB","Number of Measles Cases",0,0,0,0,0,0,0,0,0,0,0,0,0,0,0,0,0,0,0,0,0,0,0,0,0,0,0,0,0,0,0,0,2,51,2,1,2,2,7,5,6,6,41,27
"Belarus","BLR","Number of Measles Cases",193,0,3,0,201,259,1,10,2,64,16,10,50,1,0,0,1,149,1,2,21,14,45,21,153,517,135,395,1516,820,3874,2324,1351,224,NA,NA,NA,NA,NA,NA,NA,NA,NA,NA
"Belgium","BEL","Number of Measles Cases",67,8,7,47,480,117,367,NA,47,70,39,109,576,40,33,98,64,15,26,61,44,NA,83,NA,NA,0,3869,7221,10650,11346,7373,9565,7216,NA,81044,47616,NA,NA,NA,NA,NA,NA,NA,NA
"Belize","BLZ","Number of Measles Cases",0,0,0,0,0,0,0,0,0,0,0,0,0,0,0,0,0,0,0,0,0,0,0,0,0,0,0,0,4,0,0,11,7,25,2,74,224,124,7,4,11,6,186,607
"Benin","BEN","Number of Measles Cases",478,455,35,18,437,493,97,89,55,786,637,288,426,392,1461,928,341,176,210,262,217,1588,5859,4244,2573,648,9521,1365,10469,7557,4102,3049,5396,NA,3281,5275,13180,7374,13210,13437,11774,11850,12378,18635
"Bermuda","BMU","Number of Measles Cases",0,0,0,0,0,0,0,NA,NA,NA,NA,NA,NA,NA,NA,NA,NA,NA,NA,0,NA,0,0,0,0,0,0,0,0,0,0,0,2,1,1,4,56,4,0,3,1,20,4,22
"Bhutan","BTN","Number of Measles Cases",10,7,NA,NA,2,18,66,45,11,0,0,1,10,21,6,7,11,2,11,3,0,27,756,418,9920,66,169,9,148,683,505,103,441,173,554,382,673,948,819,1321,1356,1868,1102,1642
"Bolivia (Plurinational State of)","BOL","Number of Measles Cases",0,0,0,2,0,0,0,0,0,0,0,0,0,0,0,0,0,0,0,0,0,0,0,122,1441,1004,7,7,76,1441,3391,4937,2108,820,669,1793,987,346,217,1270,2034,720,7654,4181
"Bosnia and Herzegovina","BIH","Number of Measles Cases",13,6,NA,NA,1404,62,18,133,1677,3000,NA,22,10,45,22,8,166,17,23,28,18,28,NA,43,133,2811,3937,NA,125,875,249,144,179,512,NA,NA,NA,NA,NA,NA,NA,NA,NA,NA
"Botswana","BWA","Number of Measles Cases",63,1,0,5,0,0,0,1,0,1,1,7,8,853,184,0,1,6,5,1,59,7,1,2672,439,700,5032,1030,478,2447,5327,566,565,1218,3771,711,126,1018,1684,9249,6542,1512,2157,4091
"Brazil","BRA","Number of Measles Cases",0,41,668,8448,20901,10330,NA,0,214,876,220,2,43,68,0,0,0,57,6,0,2,1,1,36,908,2781,52284,580,793,35,6037,7934,42537,61435,22853,26179,66059,129126,75993,80875,58259,39370,61281,99263
"British Virgin Islands","VGB","Number of Measles Cases",0,0,0,NA,0,0,0,NA,NA,NA,NA,NA,NA,NA,NA,NA,NA,NA,NA,NA,0,0,0,0,0,0,0,0,0,0,0,0,0,90,168,0,0,0,0,0,6,1,0,20
"Brunei Darussalam","BRN","Number of Measles Cases",1,0,0,0,1,1,0,1,4,1,NA,1,4,0,2,3,NA,NA,9,16,24,NA,11,42,23,12,13,NA,NA,NA,50,51,NA,12,39,28,63,440,617,541,558,243,775,485
"Bulgaria","BGR","Number of Measles Cases",0,1,0,257,1231,13,165,1,0,0,14,1,157,22004,2249,1,1,1,3,0,0,0,8,46,24,80,23,695,172,121,354,20258,2028,147,111,404,1560,1370,972,292,326,281,9239,10763
"Burkina Faso","BFA","Number of Measles Cases",680,252,NA,2480,672,4072,49,226,99,343,375,7362,860,2511,54118,395,12,125,253,77,2946,1744,4174,6074,5516,NA,1438,18534,5669,2925,14445,21751,6590,9804,7474,7782,28282,11722,17461,30094,21395,20940,17327,13713
"Burundi","BDI","Number of Measles Cases",1684,212,369,1700,112,9,18,16,9,0,0,49,129,495,305,173,43,784,0,2,224,1016,NA,18363,2928,1449,1273,16099,14782,7192,23869,22344,10397,13282,28014,33261,23297,39631,36740,28587,49302,42051,58970,49227
"Cabo Verde","CPV","Number of Measles Cases",0,0,0,NA,0,0,0,NA,0,0,0,0,0,0,0,0,0,0,0,0,0,0,0,2,1,289,8584,0,10,30,0,1,7,0,1,7,450,NA,3048,49,1385,1282,150,1279
"Cambodia","KHM","Number of Measles Cases",11,13,5,379,684,3,10,56,0,0,0,15,722,1156,4779,4211,394,188,264,352,653,1361,3761,12237,13827,1993,3826,2814,2038,946,1262,2759,2186,2473,9256,4934,9281,17219,44557,38329,10368,57605,40774,32240
"Cameroon","CMR","Number of Measles Cases",6105,3217,771,1509,2809,814,712,338,1809,831,760,609,504,240,251,495,100,196,605,358,899,1448,23934,14629,10894,10731,7504,11770,2463,1548,10892,27442,14622,21150,24314,23207,16654,31936,47178,38580,58904,33876,10546,NA
"Canada","CAN","Number of Measles Cases",11,3,0,1,113,28,45,11,195,418,83,10,803,99,14,62,101,13,6,7,15,6,34,206,29,12,579,327,2361,523,203,2742,6178,1033,11145,609,2385,14941,2816,4078,934,1064,2307,13864
"Cayman Islands","CYM","Number of Measles Cases",0,0,0,0,NA,0,0,NA,NA,NA,NA,NA,NA,NA,NA,NA,NA,NA,NA,NA,0,0,0,0,0,0,0,0,0,0,0,0,0,0,5,1,3,2,4,5,9,0,2,9
"Central African Republic","CAF","Number of Measles Cases",3841,155,286,3433,3390,224,801,367,150,210,596,141,679,2,11,12,49,3,471,1233,652,938,2837,3207,600,146,194,248,902,NA,1694,3022,3644,1275,331,1898,2148,1785,2446,6395,1564,2563,3820,8280
"Chad","TCD","Number of Measles Cases",11862,2158,2577,2170,1882,1457,9,118,418,1275,226,120,8650,194,165,63,441,1594,2,10324,15801,7277,24908,3546,6868,12371,10446,24162,21952,9696,20894,19035,21182,7226,7449,3645,3623,3500,6430,6921,5160,1223,36,NA
"Chile","CHL","Number of Measles Cases",1,0,0,2,11,24,0,0,9,0,0,0,6,0,1,0,0,0,0,0,1,0,0,0,31,6,58,0,0,0,1,1,2098,1958,13008,45079,2623,12563,17101,4785,6752,9438,6527,3844
"China","CHN","Number of Measles Cases",621,552,554,867,2974,3940,5941,24820,42361,52628,26883,6183,9943,38159,52461,131441,109023,99602,124219,70549,71879,58341,88962,71093,61840,53030,79621,68404,53232,76204,117851,140048,123428,85705,85049,96994,104925,198738,418159,619709,781475,892870,1010755,1122285
"China, Hong Kong SAR","HKG","Number of Measles Cases",4,3,1,1,90,17,4,9,18,NA,8,8,13,13,22,69,88,NA,NA,NA,33,NA,179,60,32,56,318,110,33,210,29,329,278,48,139,3162,194,215,280,678,888,1863,249,1669
"China, Macao SAR","MAC","Number of Measles Cases",0,0,0,0,37,3,2,0,0,NA,1,1,1,NA,0,4,0,NA,0,0,3,NA,3,5,1,0,3,NA,3,52,21,35,1,19,4,642,0,104,265,110,231,0,9,73
"Colombia","COL","Number of Measles Cases",0,0,0,1,244,208,0,0,1,0,1,1,6,0,0,0,0,0,0,0,0,139,3,1,44,61,67,160,410,525,9105,7976,10391,12520,12598,14801,20620,5180,5572,11849,13099,9273,19612,9222
"Comoros","COM","Number of Measles Cases",51,4,0,0,65,0,0,0,0,0,0,1,3,0,1,0,0,85,912,0,0,0,NA,NA,0,0,0,0,0,2,0,0,0,2328,170,0,0,0,0,0,0,0,0,1801
"Congo","COG","Number of Measles Cases",385,6718,160,37,66,28,958,277,1359,71,124,260,315,4,1,2,84,126,146,3524,3712,2788,2152,1678,313,174,1267,3897,2381,226,693,4302,4042,3608,498,454,1420,6424,7600,18615,16642,12931,9668,11892
"Cook Islands","COK","Number of Measles Cases",NA,NA,NA,NA,0,0,NA,NA,NA,NA,NA,0,0,0,0,0,1,6,0,0,17,0,0,2,0,9,194,0,7,0,3,9,61,36,691,15,16,5,50,1,4,14,57,363
"Costa Rica","CRI","Number of Measles Cases",1,0,0,0,10,0,0,0,0,1,0,0,0,0,0,0,0,NA,1,0,1,0,0,0,23,27,26,24,35,0,273,2361,6296,76,33,358,4004,4534,1,11,39,167,170,1000
"Croatia","HRV","Number of Measles Cases",3,0,0,0,52,23,7,4,206,NA,0,2,12,7,2,51,0,1,2,54,19,6,8,9,31,648,240,119,697,138,87,160,117,119,NA,NA,NA,NA,NA,NA,NA,NA,NA,NA
"Cuba","CUB","Number of Measles Cases",0,0,0,0,0,0,0,0,0,0,NA,0,0,0,0,0,0,0,0,0,0,0,0,0,0,0,0,0,1,0,2,12,17,12,12,121,858,3312,2874,3315,3287,23408,18387,3924
"Curaçao","CUW","Number of Measles Cases",NA,NA,NA,NA,1,0,0,NA,NA,NA,NA,NA,NA,NA,NA,NA,NA,NA,NA,NA,NA,NA,NA,NA,NA,NA,NA,NA,NA,NA,NA,NA,NA,NA,NA,NA,NA,NA,NA,NA,NA,NA,NA,NA
"Cyprus","CYP","Number of Measles Cases",0,0,1,1,6,15,3,0,0,10,0,1,0,18,0,1,0,0,1,0,0,0,NA,0,0,1,1,55,0,0,0,20,1,4,0,0,0,1,1,3,183,27,3,0
"Czechia","CZE","Number of Measles Cases",1,0,0,4,590,207,142,7,9,222,15,22,17,0,5,2,2,7,0,17,30,4,6,9,2,19,14,10,5,9,14,416,839,2420,NA,NA,NA,NA,NA,NA,NA,NA,NA,NA
"Côte d'Ivoire","CIV","Number of Measles Cases",1361,1596,1837,600,372,453,163,45,65,50,48,137,628,441,183,12,5,11,115,3466,4770,5882,5790,5729,4824,12289,9665,20858,30039,NA,7465,14765,9902,17799,18660,16864,34170,23839,8892,5946,7139,15605,14782,7633
"Democratic People's Republic of Korea","PRK","Number of Measles Cases",0,0,NA,0,NA,0,0,0,0,3,0,0,0,0,0,8,3550,0,0,0,0,0,0,NA,0,0,0,0,0,0,0,0,0,0,0,0,0,0,0,0,0,0,0,0
"Democratic Republic of the Congo","COD","Number of Measles Cases",311500,4380,54471,82290,333017,69693,45107,5092,5020,33711,88381,72029,133802,5407,57,12461,55577,80123,182485,44934,21956,30466,8072,8282,12135,15271,5766,9546,5443,12573,2749,63,NA,4564,11178,13214,14866,19430,19508,11385,21057,30775,38142,32596
"Denmark","DNK","Number of Measles Cases",9,0,0,4,15,8,4,3,9,27,17,2,84,5,6,14,2,27,2,0,0,32,11,14,NA,NA,61,119,20,36,115,129,162,180,405,618,6268,23490,13187,21188,33242,15656,35651,28249
"Djibouti","DJI","Number of Measles Cases",446,206,0,NA,NA,28,3,8,47,NA,28,709,49,7,48,143,24,49,298,71,37,50,79,183,341,198,NA,410,8,NA,37,129,13,104,490,473,52,NA,108,1295,NA,31,4533,NA
"Dominica","DMA","Number of Measles Cases",0,0,0,0,0,0,0,0,0,0,0,0,0,0,0,0,0,0,0,0,0,0,0,0,0,0,0,0,0,0,0,0,6,13,9,10,82,45,64,188,1,2,27,0
"Dominican Republic","DOM","Number of Measles Cases",0,0,0,0,0,0,0,0,0,0,0,0,2,0,0,0,0,0,0,0,0,0,113,253,274,14,1,0,0,3,4637,7650,7512,3477,1505,692,499,501,4417,4429,2960,3671,3410,9760
"Ecuador","ECU","Number of Measles Cases",0,0,0,0,0,19,0,1,0,0,0,72,257,0,0,1,0,0,0,0,0,0,2,0,0,0,0,42,919,3668,3627,4356,1585,1646,3649,8004,1537,839,1183,6979,2556,1647,4678,2722
"Egypt","EGY","Number of Measles Cases",267,14,0,3,0,48,24,225,5432,1314,405,245,26,16,608,668,1684,953,77,80,164,653,2150,2633,1547,4868,4606,4403,1833,1444,2874,4403,1231,887,4057,3672,1805,1176,5554,4898,813,7365,1777,839
"El Salvador","SLV","Number of Measles Cases",0,0,0,0,0,0,0,0,NA,0,0,0,0,0,0,0,0,0,0,0,0,0,2,0,0,0,0,1,0,0,38,509,0,0,0,787,405,278,1413,4775,2407,3664,12554,2315
"Equatorial Guinea","GNQ","Number of Measles Cases",270,49,43,53,0,0,1,1699,1250,13,321,1190,0,0,78,436,5,0,NA,38,18,24,1339,NA,NA,NA,0,1,44,270,157,297,32,32,582,14875,11865,788,464,198,NA,NA,NA,NA
"Eritrea","ERI","Number of Measles Cases",54,28,25,12,6,70,1199,142,198,127,45,194,48,51,82,0,55,128,19,24,376,460,204,789,320,316,777,1783,185,541,267,NA,NA,NA,NA,NA,NA,NA,NA,NA,NA,NA,NA,NA
"Estonia","EST","Number of Measles Cases",4,0,0,0,27,10,1,2,4,0,2,4,7,0,0,0,1,27,2,0,0,0,0,9,12,17,18,19,17,230,312,71,129,33,NA,NA,NA,NA,NA,NA,NA,NA,NA,NA
"Eswatini","SWZ","Number of Measles Cases",3,64,29,1,0,0,0,1,0,0,0,0,0,313,26,1,0,0,0,0,350,37,49,10,0,180,609,2201,171,610,7148,2042,1467,1465,1461,1581,4261,2253,3253,4794,3267,9185,2592,NA
"Ethiopia","ETH","Number of Measles Cases",24038,9292,1953,1952,3998,1752,1921,4579,17745,12739,5253,4347,3255,4235,1176,3511,1446,1451,357,73,228,3332,2366,1660,5329,1603,1113,1586,562,1133,1152,4815,497,1836,4169,7575,4832,3760,66544,9843,5866,10527,9784,10690
"Fiji","FJI","Number of Measles Cases",NA,NA,NA,NA,28,0,NA,5,NA,NA,NA,0,NA,0,1,0,0,136,NA,37,305,304,17,NA,NA,NA,828,39,414,39,425,969,NA,32,53,610,1075,385,152,827,313,902,1003,913
"Finland","FIN","Number of Measles Cases",1,0,3,4,12,15,11,4,2,NA,2,NA,27,5,2,5,0,0,1,0,0,0,1,NA,NA,1,0,0,6,1,0,5,8,3,1032,129,635,741,614,729,4751,5402,3813,2147
"France","FRA","Number of Measles Cases",117,15,16,240,2637,2921,519,79,157,267,272,NA,14949,5048,1541,604,39,40,36,4448,NA,5185,NA,10000,NA,NA,80000,66000,54239,44005,77232,109548,156849,NA,NA,NA,NA,931,399,978,870,812,1132,1244
"French Polynesia","PYF","Number of Measles Cases",0,0,0,0,NA,NA,NA,NA,NA,NA,NA,NA,0,0,0,0,0,NA,NA,NA,NA,NA,3,NA,13,0,518,387,7,95,21,22,31,30,82,18,40,43,1927,113,1015,1187,1281,379
"Gabon","GAB","Number of Measles Cases",1167,1293,134,9,2,1,1075,1509,27,33,122,2,2,1,0,3,0,90,0,63,NA,110,5129,15,NA,NA,NA,70,NA,NA,958,1245,NA,738,1780,655,2074,6826,5222,7234,4324,1747,2306,1641
"Gambia","GMB","Number of Measles Cases",38,58,0,NA,1,4,1,45,71,1,0,0,0,2,0,0,0,0,0,0,119,32,99,336,856,NA,1500,15,130,280,912,364,164,NA,NA,NA,NA,3997,1628,NA,1372,1566,262,284
"Georgia","GEO","Number of Measles Cases",39,NA,5,20,3918,2199,94,14,431,3188,7872,31,64,22,23,56,44,334,1356,6847,216,199,35,50,144,218,342,304,181,723,409,115,352,NA,NA,NA,NA,NA,NA,NA,NA,NA,NA,NA
"Germany","DEU","Number of Measles Cases",79,NA,NA,76,514,543,929,326,2464,443,1771,166,1607,780,574,917,567,2307,778,121,779,4657,6024,NA,NA,NA,NA,NA,NA,NA,NA,NA,NA,NA,45,17,189,199,568,11759,9798,2029,5290,28745
"Ghana","GHA","Number of Measles Cases",2282,395,52,88,1274,34,19,32,23,124,319,1613,120,641,101,82,6,420,435,60,1939,12289,13476,23068,15987,23335,37261,34273,40276,34821,34641,39933,17135,32246,19997,40456,24781,11099,64517,40179,36561,79636,38476,82684
"Greece","GRC","Number of Measles Cases",0,0,0,3,45,2291,968,0,1,1,3,3,40,149,2,1,2,NA,122,1,NA,5,12,56,69,66,136,6082,112,163,503,3448,1371,245,534,5100,1891,1050,1484,1200,23723,3417,1389,13464
"Grenada","GRD","Number of Measles Cases",0,0,NA,0,0,0,0,0,0,0,0,0,0,0,0,0,0,0,0,0,0,0,0,0,0,0,0,0,3,0,0,0,2,6,2,4,6,20,7,11,268,1713,9,53
"Guam","GUM","Number of Measles Cases",0,NA,NA,NA,0,0,0,0,0,NA,0,0,1,0,0,0,0,NA,0,2,7,NA,0,0,1,0,0,0,0,228,25,4,62,1,3,2,2,6,12,104,3,9,6,7
"Guatemala","GTM","Number of Measles Cases",0,0,0,0,0,1,0,0,0,0,0,0,0,0,0,0,0,0,0,0,0,0,0,0,0,1,8,1,23,204,17,97,209,8802,2413,182,400,1650,2272,3072,2762,3992,3472,2703
"Guinea","GIN","Number of Measles Cases",94,417,505,506,4555,482,2036,316,243,175,53,6,11,45,264,89,3,4,99,10,2497,2151,7408,11294,18004,9170,10170,10292,1085,2372,5228,1617,6708,12756,4152,3353,7357,2592,2969,4396,8856,15038,11397,8552
"Guinea-Bissau","GNB","Number of Measles Cases",5,213,NA,22,60,28,11,0,153,1,0,0,0,26,0,12,1,0,0,3526,1158,298,126,NA,472,NA,498,73,528,378,1707,842,2396,259,106,1103,174,2241,1328,355,3218,1613,2096,1332
"Guyana","GUY","Number of Measles Cases",0,0,0,0,0,0,0,0,0,0,0,0,0,0,0,0,0,0,0,0,0,0,0,0,0,0,0,0,0,0,0,0,12,1,11,917,22,15,87,294,20,41,7,464
"Haiti","HTI","Number of Measles Cases",NA,0,0,0,0,0,0,NA,0,0,0,0,0,0,0,0,0,0,0,0,0,0,159,992,0,3,0,1,NA,NA,NA,NA,NA,1414,580,235,3130,269,2111,1681,869,1064,2502,507
"Honduras","HND","Number of Measles Cases",NA,NA,0,0,0,0,0,0,0,0,0,0,0,0,0,0,0,0,0,0,0,0,0,0,0,0,5,4,0,3,13,58,95,8360,6353,1155,1437,603,6476,5028,1168,2446,5857,4188
"Hungary","HUN","Number of Measles Cases",1,0,0,0,23,14,36,0,0,0,1,2,5,0,1,0,0,1,2,0,0,0,20,1,1,23,24,12,4,11,33,14,16,29,NA,1103,30,17,20,98,124,2521,10573,1198
"Iceland","ISL","Number of Measles Cases",0,0,0,0,9,0,3,1,0,0,0,0,0,0,0,0,0,0,0,0,0,NA,0,0,NA,NA,1,1,2,7,8,8,10,14,23,11,14,132,374,162,39,14,24,13
"India","IND","Number of Measles Cases",65150,40967,5700,5604,10430,19474,12032,17250,30168,26530,8285,3305,33634,31458,56188,44258,41144,64185,36711,55443,47147,40044,51780,38835,21013,33990,61004,47072,37494,50518,50391,71798,77859,89612,165771,161379,252940,155076,161216,190881,129639,146196,202054,114036
"Indonesia","IDN","Number of Measles Cases",18063,7704,394,524,1965,5300,9035,6962,15099,12943,8419,15489,21893,18869,20818,15369,19456,20422,15853,29171,24457,14492,3825,3344,4767,1034,15313,35383,37693,48147,63751,80580,90358,92105,229666,76446,395,1136,9458,18947,4670,25152,33106,28935
"Iran (Islamic Republic of)","IRN","Number of Measles Cases",648,230,103,4,20,203,51,82,615,99,189,332,73,538,262,127,133,220,7,3,11644,9554,9582,11874,4137,2869,3901,2329,263,506,4616,5028,6034,5341,5895,11559,19383,14904,20582,32909,43623,47719,35858,31130
"Iraq","IRQ","Number of Measles Cases",12331,12,197,NA,3799,489,41,37,1433,1317,669,15,15,492,30328,5494,230,474,908,9081,NA,NA,4088,726,9920,43735,708,256,7650,10657,16339,20106,11358,3045,11617,9284,7978,10122,22186,38148,37903,31564,64294,26542
"Ireland","IRL","Number of Measles Cases",4,2,0,15,65,76,25,43,4,33,51,107,285,443,164,57,64,87,95,334,584,243,241,NA,147,204,185,228,235,1233,4328,179,135,556,1248,936,201,451,9903,5725,6180,1897,1075,1106
"Israel","ISR","Number of Measles Cases",NA,NA,0,6,1139,3177,42,8,80,6,50,211,70,23,5,931,539,9,2,116,124,2,19,36,14,8,12,19,22,1555,141,66,991,230,29,194,438,1951,3005,137,129,7864,228,215
"Italy","ITA","Number of Measles Cases",NA,15,9,103,1623,2682,4042,NA,159,NA,NA,376,5189,372,351,1617,321,439,135,599,10982,9385,NA,1457,2908,4072,41254,32596,37131,6158,16890,65013,23458,5223,29214,92188,20627,21306,75040,77149,26371,18423,71239,27452
"Jamaica","JAM","Number of Measles Cases",0,0,0,0,0,0,0,0,0,0,0,0,1,0,0,2,0,0,0,0,0,0,0,0,0,2,0,4,15,0,0,0,308,3651,5726,30,37,30,67,236,1164,2815,5266,36
"Japan","JPN","Number of Measles Cases",NA,NA,6,12,742,279,187,165,35,462,229,228,434,450,741,11015,NA,520,NA,8752,8286,33812,22552,22497,NA,899,NA,1640,NA,NA,2002,NA,5452,3259,1753,3109,5872,6323,2810,12268,7281,6716,21471,13219
"Jordan","JOR","Number of Measles Cases",NA,457,NA,0,48,0,0,0,0,20,120,3,0,0,0,2,41,1,28,21,76,19,61,32,115,428,7026,448,318,516,2985,1071,143,290,1397,4810,1645,297,559,2592,183,1594,1174,552
"Kazakhstan","KAZ","Number of Measles Cases",15111,4,2,3270,13326,576,2,122,526,321,73,55,127,4,0,20,13,109,16118,2204,24,18,94,245,1391,1935,120,123,284,1788,3297,647,1425,273,NA,NA,NA,NA,NA,NA,NA,NA,NA,NA
"Kenya","KEN","Number of Measles Cases",896,1774,266,597,439,822,63,128,95,354,190,NA,2395,95,1218,1282,1516,1847,153,20,65,766,11304,21002,8601,9262,3339,3572,3322,4180,961,65004,59937,77072,86727,70200,49858,26199,111492,200143,285681,270767,257839,28473
"Kiribati","KIR","Number of Measles Cases",NA,NA,1,0,3,0,0,NA,NA,0,0,0,0,0,0,0,0,NA,0,0,NA,0,0,0,2,355,25,13,4,292,114,4357,8,30,1612,264,22,2,2015,1417,0,11,70,170
"Kosovo (in accordance with UN Security Council resolution 1244 (1999))",NA,"Number of Measles Cases",NA,0,NA,NA,NA,NA,NA,NA,NA,NA,NA,NA,NA,NA,NA,NA,NA,NA,NA,NA,NA,NA,NA,NA,NA,NA,NA,NA,NA,NA,NA,NA,NA,NA,NA,NA,NA,NA,NA,NA,NA,NA,NA,NA
"Kuwait","KWT","Number of Measles Cases",6,7,3,NA,12,42,18,8,18,55,62,27,32,13,NA,NA,NA,NA,10,23,NA,NA,NA,6,13,90,26,15,12,432,260,383,165,71,71,70,428,237,2061,608,1590,586,2595,1382
"Kyrgyzstan","KGZ","Number of Measles Cases",7046,NA,3,NA,2380,1007,5,0,17779,318,1,0,222,0,1,16,40,27,53,8,6,2,17,16,478,2397,998,74,17,168,3825,815,824,584,NA,NA,NA,NA,NA,NA,NA,NA,NA,NA
"Lao People's Democratic Republic","LAO","Number of Measles Cases",2,0,2,138,1119,10,3,8,56,339,71,32,113,153,78,174,1678,58,295,1491,1810,2070,94,332,2302,4613,671,917,3174,984,1083,520,1400,2168,2793,2243,2580,1367,1492,924,1076,383,NA,1380
"Latvia","LVA","Number of Measles Cases",1,0,0,0,3,25,0,0,0,36,0,3,1,0,0,3,0,7,2,0,NA,NA,1,0,0,3,4,3,2,10,54,248,6,21,NA,NA,NA,NA,NA,NA,NA,NA,NA,NA
"Lebanon","LBN","Number of Measles Cases",346,NA,NA,15,1047,944,126,44,39,112,1761,9,9,12,22,24,373,956,618,213,526,36,8,5,8,966,134,2,3,51,396,13,NA,NA,NA,NA,NA,NA,NA,NA,266,NA,3,NA
"Lesotho","LSO","Number of Measles Cases",17,3,368,39,464,7,0,0,0,0,516,179,172,2488,0,0,2,1,NA,31,1,0,217,660,944,NA,0,NA,304,573,235,1816,2351,2195,1378,1797,2448,4376,7362,5821,5239,6941,7624,7935
"Liberia","LBR","Number of Measles Cases",4604,8300,250,884,1203,3781,960,789,1060,34,0,43,279,2200,6,1,1,20,8,4,142,131,1379,5977,1679,1436,2961,1938,56,571,6398,5776,NA,NA,1866,2556,2178,836,2686,6151,4835,6873,7810,6567
"Libya","LBY","Number of Measles Cases",257,32,NA,NA,188,1082,8,32,82,372,NA,320,NA,NA,329,8,59,1,292,2771,NA,3890,633,NA,NA,50,26,NA,NA,1127,733,3691,1695,931,207,316,401,851,4193,2526,996,928,1570,1547
"Lithuania","LTU","Number of Measles Cases",3,0,0,2,834,30,2,22,50,11,35,0,7,2,0,1,0,1,1,1,1,103,7,19,23,18,30,35,188,286,249,200,143,NA,NA,NA,NA,NA,NA,NA,NA,NA,NA,NA
"Luxembourg","LUX","Number of Measles Cases",0,0,0,0,24,4,4,0,0,NA,0,2,6,0,0,1,0,8,NA,0,1,NA,NA,0,NA,NA,1,25,1,1,4,48,1,16,12,18,153,27,62,35,21,243,214,63
"Madagascar","MDG","Number of Measles Cases",355,80,44,777,213231,21420,11,5,3,3,6,2,0,1,0,3,0,2,NA,35558,62233,10795,9357,35256,35196,15510,13865,5961,11731,14164,6060,1846,5824,14459,29654,17069,10841,21546,69884,66894,101925,84494,140653,119679
"Malawi","MWI","Number of Measles Cases",173,29,5,76,17,1,4,0,0,3,1,11,26,118712,21,20,143,1,184,1116,167,92,150,304,152,3591,10845,9120,4218,2164,3614,32177,5730,NA,93100,81100,114061,105682,126581,80766,150248,104921,84610,162686
"Malaysia","MYS","Number of Measles Cases",2002,209,128,478,1077,1981,1709,1569,1318,221,195,1868,1569,73,153,334,394,564,1407,5729,632,408,2198,6187,2576,483,627,460,654,346,542,363,275,563,1027,2304,5429,4699,5163,8147,9313,9268,5690,8727
"Maldives","MDV","Number of Measles Cases",5,0,0,15,0,1,1,0,0,0,0,0,0,0,6,0,20,47,1395,37,75,926,0,20,NA,0,NA,0,3070,706,61,0,0,0,0,0,0,0,2029,0,0,0,1479,NA
"Mali","MLI","Number of Measles Cases",364,765,2074,498,454,499,26,107,215,290,221,341,24,1719,2939,98,2,128,33,172,232,717,4464,1578,2506,10240,3531,10995,3306,3420,10595,7830,13473,1388,3605,4478,4352,4669,29732,4494,8759,16432,8413,10007
"Malta","MLT","Number of Measles Cases",0,0,1,2,30,6,0,0,2,0,NA,NA,3,0,1,1,2,1,6,4,4,7,2,2,1,3,5,16,27,8,3,43,8,6,17,17,46,1844,175,58,620,1530,121,14
"Marshall Islands","MHL","Number of Measles Cases",0,NA,0,NA,NA,NA,NA,NA,NA,NA,NA,0,0,0,0,NA,0,0,0,0,1127,0,0,0,0,0,0,0,NA,0,9,10,19,14,13,NA,0,1,4,0,0,0,0,0
"Mauritania","MRT","Number of Measles Cases",339,96,249,0,196,77,63,13,1,14,62,35,234,1292,322,4,11,22,127,5039,3611,883,1398,NA,5263,1303,499,NA,195,2668,5754,4990,4601,1379,5032,434,2323,5318,15123,11203,15710,6743,8658,11441
"Mauritius","MUS","Number of Measles Cases",0,0,0,NA,98,NA,0,0,NA,0,0,0,2,12,15,12,13,3,7,28,777,NA,0,0,0,NA,0,0,6,10,88,7,0,1,0,2,0,5,2,6,0,4,0,35
"Mexico","MEX","Number of Measles Cases",0,0,0,196,0,5,0,0,0,3,0,0,3,0,0,0,0,23,6,64,44,0,3,30,0,0,0,2,244,128,172,533,5077,68782,20381,3915,2776,9824,23826,5158,3368,6364,11136,29730
"Micronesia (Federated States of)","FSM","Number of Measles Cases",1,1,NA,NA,0,0,0,0,0,140,0,0,0,NA,0,NA,0,0,0,0,0,NA,0,0,0,0,0,NA,0,930,0,41,0,1,0,0,1,NA,NA,NA,NA,NA,NA,NA
"Monaco","MCO","Number of Measles Cases",0,NA,0,NA,1,0,1,NA,NA,NA,NA,5,NA,NA,NA,NA,NA,NA,NA,NA,0,NA,NA,NA,NA,0,NA,NA,NA,NA,NA,160,NA,0,0,0,0,0,0,0,0,0,12,NA
"Mongolia","MNG","Number of Measles Cases",0,46,NA,0,2,1,9,30273,20359,0,0,0,0,7,8,31,12,26,0,0,18,1205,10677,925,10,8,4,128,555,177,71,1069,656,296,2176,3044,378,133,525,29738,1935,209,695,5338
"Montenegro","MNE","Number of Measles Cases",0,0,0,NA,0,200,0,0,NA,NA,0,0,5,5,0,0,0,0,NA,NA,NA,NA,NA,NA,NA,NA,NA,NA,NA,NA,NA,NA,NA,NA,NA,NA,NA,NA,NA,NA,NA,NA,NA,NA
"Montserrat","MSR","Number of Measles Cases",0,0,0,NA,0,0,0,NA,NA,NA,NA,NA,NA,NA,NA,NA,NA,NA,NA,NA,NA,0,0,NA,0,0,0,0,0,0,0,0,0,0,1,1,0,0,0,0,0,0,5,3
"Morocco","MAR","Number of Measles Cases",NA,NA,NA,NA,NA,483,NA,NA,17,10,92,668,982,633,834,1455,2248,1217,NA,6399,10841,6000,2724,7368,10853,7863,2512,1324,2380,3512,8431,6008,2125,1577,1689,2306,26621,15333,4216,11484,80806,53160,109486,86919
"Mozambique","MOZ","Number of Measles Cases",656,1047,619,426,63,16,122,NA,79,9,8,145,177,2321,60,4,267,183,12598,9396,28898,7155,7085,7375,3936,15693,15324,9251,4166,9618,5799,3092,5059,18082,22832,12142,12749,16109,16507,12508,11734,11909,16358,30070
"Myanmar","MMR","Number of Measles Cases",15,10,8,444,5252,1389,1293,266,6,122,1010,2175,2046,190,329,333,1088,760,314,1329,830,736,2519,845,791,1465,1035,1684,1170,1855,2682,1794,4437,7900,3883,4323,5540,3830,16386,16580,18919,25102,26821,21457
"Namibia","NAM","Number of Measles Cases",42,31,4,5,12,9,16,40,212,477,1028,86,79,3138,4076,0,21,3,4,4,262,1278,416,469,296,495,5359,4901,1723,133,1328,6874,NA,NA,NA,4482,16874,NA,NA,NA,NA,NA,NA,NA
"Nauru","NRU","Number of Measles Cases",NA,NA,NA,NA,0,NA,NA,0,NA,NA,NA,11,0,NA,0,0,0,0,0,0,NA,0,0,0,1,NA,58,NA,0,NA,NA,NA,NA,300,0,NA,0,1,NA,NA,NA,1,0,10
"Nepal","NPL","Number of Measles Cases",963,130,143,388,430,260,99,1269,1599,1279,1861,3362,2359,190,189,2089,1415,2838,5023,12074,13344,6749,10849,9397,NA,5771,12677,7213,4810,1401,59,136,93,182,171,193,190,68,952,2042,1117,1268,254,561
"Netherlands (Kingdom of the)","NLD","Number of Measles Cases",7,6,0,2,84,24,16,6,7,140,2632,10,51,15,15,109,10,1,4,11,4,3,NA,1019,2368,9,21,57,184,302,468,472,59,16,124,1519,227,90,24,82,480,95,77,178
"New Caledonia","NCL","Number of Measles Cases",0,0,NA,NA,NA,0,1,NA,NA,NA,0,0,0,0,0,0,0,NA,0,NA,0,NA,0,0,NA,NA,0,NA,2,6,6,3,5,18,8,9,1221,950,77,79,18,1448,77,800
"New Zealand","NZL","Number of Measles Cases",NA,0,0,7,2189,30,15,103,10,280,8,68,597,43,198,NA,25,20,20,33,66,21,65,65,106,164,2041,NA,NA,33,69,NA,9239,NA,0,NA,NA,NA,NA,NA,NA,NA,NA,NA
"Nicaragua","NIC","Number of Measles Cases",0,0,0,0,0,0,0,0,0,0,0,0,0,0,0,0,0,0,0,0,0,0,0,0,0,0,0,0,5,3,339,2332,0,0,0,314,792,2550,956,153,112,226,224,3784
"Niger","NER","Number of Measles Cases",1708,12898,9271,2754,10321,5034,1171,776,7693,1142,1224,272,771,372,801,1317,282,59,2183,63057,54190,31584,61208,21319,36156,11404,32649,68921,67986,48685,36557,31341,90071,20463,22932,16864,14290,17626,64689,42199,30288,39815,36139,36811
"Nigeria","NGA","Number of Measles Cases",20143,23983,10649,8877,28094,7063,11190,17136,12423,6855,52852,6447,18843,8491,1272,9960,2613,704,110927,31521,141258,42007,168107,212183,217151,143098,21385,88675,12393,106081,54734,85965,44026,115682,33678,75908,77566,115743,161768,182591,136778,139785,129671,162106
"Niue","NIU","Number of Measles Cases",NA,0,NA,NA,0,NA,NA,NA,NA,NA,0,0,0,0,0,0,0,NA,0,0,0,0,0,0,0,0,0,0,0,2,0,0,121,NA,1,1,0,7,21,0,0,0,2,22
"North Macedonia","MKD","Number of Measles Cases",1,0,1,0,1337,64,19,0,1,116,4,7,701,217,5,27,1,3,5,9,18,19,27,36,53,NA,364,1056,217,229,2495,180,181,NA,NA,NA,NA,NA,NA,NA,NA,NA,NA,NA
"Northern Mariana Islands","MNP","Number of Measles Cases",0,NA,NA,NA,0,0,NA,NA,NA,NA,NA,NA,0,0,0,0,0,NA,0,0,0,NA,NA,0,0,NA,1,NA,0,29,116,7,NA,35,1,0,0,NA,NA,NA,NA,NA,NA,NA
"Norway","NOR","Number of Measles Cases",2,1,0,4,18,12,1,0,14,3,8,4,39,3,2,4,NA,0,0,7,8,5,4,0,NA,NA,11,23,18,6,7,73,17,95,13,133,563,1219,1312,1775,6181,10974,4586,1322
"occupied Palestinian territory, including east Jerusalem","PSE","Number of Measles Cases",3,NA,11,1001,228,0,63,NA,NA,NA,NA,NA,NA,1,NA,NA,NA,NA,NA,NA,NA,NA,NA,5,138,40,28,33,NA,NA,NA,NA,NA,NA,NA,NA,NA,NA,NA,NA,NA,NA,NA,NA
"Oman","OMN","Number of Measles Cases",25,5,0,7,0,0,9,111,0,NA,0,13,5,3,19,18,24,13,25,18,1,5,15,15,9,5,12,46,68,181,3108,1834,220,1262,4255,6052,3804,2001,4161,9652,9151,16645,40679,10630
"Pakistan","PAK","Number of Measles Cases",17722,8378,10399,2747,2066,33007,9175,2703,386,1370,8749,8046,4386,4321,863,1129,2801,7641,2981,4248,4740,3903,3849,2064,2940,2333,1848,1090,1720,1421,1967,2967,617,21785,2349,55543,45996,42304,26686,17322,21004,19890,29010,28573
"Palau","PLW","Number of Measles Cases",0,0,NA,NA,NA,NA,0,0,0,0,0,0,0,0,0,0,0,0,0,0,NA,0,NA,0,0,1,0,0,0,0,93,0,0,0,1,0,0,0,0,0,0,0,0,0
"Panama","PAN","Number of Measles Cases",NA,0,0,0,0,0,0,0,0,0,0,0,4,0,0,0,0,0,0,0,0,0,0,0,0,0,0,0,19,3,90,845,2430,1891,301,378,1885,4199,4295,358,595,4014,4332,2096
"Papua New Guinea","PNG","Number of Measles Cases",12,2,0,4,1,19,7,0,38,2299,12,0,0,0,0,0,0,1,1222,1385,3863,17620,4023,7135,6304,1148,678,2313,3730,6821,8212,6634,2740,4575,9799,6543,10206,19024,5680,9874,10023,12771,16519,12125
"Paraguay","PRY","Number of Measles Cases",0,1,0,0,0,0,0,0,0,0,0,0,0,0,0,0,0,0,0,0,0,0,0,0,0,70,143,13,73,122,2066,864,526,1396,386,755,1742,610,666,979,1259,531,428,745
"Peru","PER","Number of Measles Cases",0,0,0,0,2,42,0,0,4,0,0,0,0,0,0,1,0,0,0,0,0,0,0,1,12,10,95,105,353,670,1730,22605,1014,737,1145,5785,6240,6099,9393,13039,7619,12708,10071,19246
"Philippines","PHL","Number of Measles Cases",2892,589,206,3832,48525,20827,2428,716,619,58848,2920,1536,6538,6368,1469,341,530,9,118,3025,10511,7003,7360,7120,2981,1984,9218,NA,3913,3006,7541,39304,29037,42938,68986,70801,81896,59375,62959,75290,43684,35989,27031,26765
"Poland","POL","Number of Measles Cases",NA,27,13,29,1367,359,63,123,NA,NA,84,71,NA,13,115,NA,40,120,13,11,48,34,133,77,99,2255,338,639,752,864,1410,3695,2419,56471,7225,1005,1286,6806,35680,54403,11271,7620,35283,24882
"Portugal","PRT","Number of Measles Cases",0,0,0,10,10,162,34,34,0,NA,1,23,2,5,3,1,0,0,7,5,8,8,NA,45,50,96,129,112,192,3230,881,208,275,407,11791,2285,813,NA,NA,NA,NA,NA,NA,NA
"Qatar","QAT","Number of Measles Cases",127,1,1,3,5,2,9,30,18,46,73,160,101,295,112,NA,361,144,74,29,24,34,23,46,NA,116,439,38,0,31,86,68,563,314,1083,382,409,2095,1410,886,816,506,1489,392
"Republic of Korea","KOR","Number of Measles Cases",7,NA,0,6,194,15,5,18,7,442,107,2,42,114,17,2,194,28,7,11,33,62,23060,32647,NA,4,2,71,71,7883,NA,NA,NA,3415,2394,1579,1880,1818,1283,2246,695,6776,2307,5097
"Republic of Moldova","MDA","Number of Measles Cases",3,NA,0,NA,90,340,0,0,0,2,27,11,0,0,0,0,10,34,6,4,87,4929,457,687,245,673,364,344,1174,3951,866,322,621,3242,NA,NA,NA,NA,NA,NA,NA,NA,NA,NA
"Romania","ROU","Number of Measles Cases",3677,17,2,1004,3900,6407,9076,2435,4,59,1159,7450,4189,193,8,12,353,3196,5043,117,9,14,10,35,240,9547,23579,906,2188,6228,28321,6061,1773,4691,3870,1810,11833,34037,5007,2108,4723,61682,21584,10476
"Russian Federation","RUS","Number of Measles Cases",13083,102,1,1212,4491,2539,721,178,843,4711,2339,2123,629,129,101,27,173,1147,454,2444,3291,580,2072,4800,7428,6215,2874,7120,6630,28672,74463,18570,20449,18370,NA,NA,NA,NA,NA,NA,NA,NA,NA,NA
"Rwanda","RWA","Number of Measles Cases",108,29,40,108,818,229,145,95,1,10,17,75,31,121,5,6,26,494,129,386,1064,2738,896,2095,4359,NA,787,3988,28874,5999,9861,17429,5820,8970,5429,4364,12387,42749,16760,17269,20001,36792,79384,80402
"Saint Kitts and Nevis","KNA","Number of Measles Cases",0,0,0,0,0,0,0,0,0,0,0,0,0,0,0,0,0,0,0,0,0,0,0,0,0,0,0,0,1,0,0,0,0,80,12,12,21,22,27,2,556,138,52,305
"Saint Lucia","LCA","Number of Measles Cases",0,0,0,0,0,0,0,0,0,0,0,0,0,0,0,0,0,0,0,0,0,0,0,0,0,0,0,0,2,0,0,0,2,30,10,4,4,32,9,13,71,2039,134,35
"Saint Vincent and the Grenadines","VCT","Number of Measles Cases",NA,0,0,0,0,0,0,0,0,0,0,0,0,0,0,0,0,0,0,0,0,0,0,0,0,0,0,0,0,0,0,0,0,1,1,10,1,2,5,15,63,757,19,257
"Samoa","WSM","Number of Measles Cases",0,0,0,11,5687,0,3,NA,NA,NA,NA,1,0,8,0,NA,NA,0,0,0,0,NA,NA,NA,NA,8,0,87,0,0,7,4,0,0,1,0,0,1,1095,0,7,28,72,376
"San Marino","SMR","Number of Measles Cases",0,0,0,0,12,0,0,0,NA,NA,NA,1,0,0,0,NA,0,0,0,0,3,NA,NA,1,0,NA,22,NA,NA,NA,6,7,1,1,NA,NA,NA,NA,NA,NA,NA,NA,NA,NA
"Sao Tome and Principe","STP","Number of Measles Cases",NA,NA,0,NA,0,0,0,0,3,0,0,0,0,0,0,0,0,0,0,0,0,0,0,0,NA,NA,0,0,23,319,88,0,0,10,NA,118,0,69,62,576,216,3,194,519
"Saudi Arabia","SAU","Number of Measles Cases",2254,247,338,35,1035,1164,459,125,219,154,1164,294,362,334,82,158,4648,807,373,1880,1208,311,155,NA,2815,5519,3978,2407,2574,1253,3182,11299,6368,5439,3588,8225,29220,22830,18393,30457,44633,33294,35790,46115
"Senegal","SEN","Number of Measles Cases",564,508,187,212,267,12,11,162,58,32,17,46,18,428,999,6,11,3,0,31,1519,18184,24789,5839,3668,6594,6594,8069,NA,5944,14693,15367,11427,5004,10940,1596,3453,6831,NA,NA,26481,32380,34516,29144
"Serbia","SRB","Number of Measles Cases",50,0,1,NA,22,5076,721,11,383,37,1,0,370,20,1,2,201,2,2,11,15,63,35,38,288,922,4692,458,524,800,16777,2108,991,4978,16149,6629,8639,14148,25325,20233,12967,13826,20878,37441
"Seychelles","SYC","Number of Measles Cases",0,0,0,27,0,NA,0,0,0,0,0,0,0,0,0,0,1,10,0,0,0,0,0,NA,2,626,3,2,0,0,0,0,6,13,5,0,2,4,10,19,267,347,4,3
"Sierra Leone","SLE","Number of Measles Cases",645,731,170,17,40,344,1873,920,607,1006,15,678,1865,1089,31,44,0,33,29,7,586,568,649,3575,NA,NA,361,NA,344,114,2288,914,284,830,625,207,1000,164,3351,4016,4327,4102,3408,3625
"Singapore","SGP","Number of Measles Cases",NA,NA,NA,NA,152,38,70,NA,NA,NA,138,42,148,50,16,18,15,23,33,96,33,211,408,141,65,114,1413,NA,185,159,0,606,216,143,146,192,123,218,136,2417,677,1965,771,NA
"Sint Maarten (Dutch part)","SXM","Number of Measles Cases",NA,NA,NA,NA,NA,0,0,NA,NA,NA,NA,NA,NA,NA,NA,NA,NA,NA,NA,NA,NA,NA,NA,NA,NA,NA,NA,NA,NA,NA,NA,NA,NA,NA,NA,NA,NA,NA,NA,NA,NA,NA,NA,NA
"Slovakia","SVK","Number of Measles Cases",6,0,0,0,318,565,7,0,1,0,0,0,0,0,0,0,0,0,0,2,1,0,0,0,0,530,620,0,2,29,551,415,211,47,NA,NA,NA,NA,NA,NA,NA,NA,NA,NA
"Slovenia","SVN","Number of Measles Cases",1,0,0,6,51,9,8,1,18,52,1,2,22,2,0,0,0,0,0,0,0,0,0,NA,1,13,9,8,398,134,7,10,32,NA,NA,NA,NA,NA,NA,NA,NA,NA,NA,NA
"Solomon Islands","SLB","Number of Measles Cases",0,NA,NA,NA,NA,0,0,0,0,NA,0,0,0,0,0,0,0,0,0,0,0,0,0,NA,NA,0,0,0,0,640,1527,86,45,343,13779,593,434,0,2,238,923,3331,2104,340
"Somalia","SOM","Number of Measles Cases",3167,17361,7191,2531,283,9126,23039,26,7497,10229,3173,9983,17298,115,13,1081,1149,7,NA,12008,8257,9559,3571,3965,5523,3075,NA,1830,NA,NA,NA,NA,NA,NA,988,296,222,70,128,487,622,NA,NA,NA
"South Africa","ZAF","Number of Measles Cases",1033,400,21,40,59,71,210,18,17,66,25,32,92,12499,5857,39,31,81,615,830,244,1043,1166,1459,385,977,1337,6501,8845,6845,12870,22745,4777,10624,18268,15258,22559,13459,17884,16160,16735,12906,15809,19193
"South Sudan","SSD","Number of Measles Cases",7957,3608,NA,1290,3401,263,487,898,878,441,525,1952,1256,NA,NA,NA,NA,NA,NA,NA,NA,NA,NA,NA,NA,NA,NA,NA,NA,NA,NA,NA,NA,NA,NA,NA,NA,NA,NA,NA,NA,NA,NA,NA
"Spain","ESP","Number of Measles Cases",15,1,2,89,288,225,161,37,115,154,131,1204,3802,302,41,297,267,362,22,26,256,67,NA,152,246,446,1842,4964,8849,6796,11985,24460,24445,21650,32908,22701,35146,220109,80663,38914,304350,159562,146689,145322
"Sri Lanka","LKA","Number of Measles Cases",810,0,NA,2,49,1,1,112,1568,1686,2107,51,60,79,21,33,44,0,3,35,65,139,309,16527,2417,177,195,158,408,566,558,701,1896,4004,780,2630,3508,6235,9398,13215,8171,13273,6232,5032
"Sudan","SDN","Number of Measles Cases",1377,NA,NA,401,3555,4980,665,1767,3585,676,2813,8523,5616,680,68,129,327,228,1374,9562,4381,4529,4362,2875,3347,550,350,2559,841,963,683,17017,30014,14075,15114,7466,1635,27136,67589,2390,2806,68171,64804,50168
"Suriname","SUR","Number of Measles Cases",0,0,0,0,0,0,0,0,0,0,0,0,0,0,0,0,0,0,0,0,0,0,0,0,0,0,0,0,0,0,0,0,0,35,0,68,5,37,110,40,17,647,716,254
"Sweden","SWE","Number of Measles Cases",11,5,0,5,20,43,41,3,22,26,51,30,26,6,3,25,1,19,13,5,3,9,5,59,NA,NA,62,44,23,21,25,57,25,29,62,38,NA,173,326,1003,4626,6223,3540,1786
"Switzerland","CHE","Number of Measles Cases",52,1,0,37,NA,50,105,65,35,23,175,61,621,77,958,2022,1015,NA,60,39,574,NA,700,NA,800,2000,6400,2000,1400,1400,3000,4300,2700,1990,2700,7600,7400,NA,NA,NA,NA,NA,NA,NA
"Syrian Arab Republic","SYR","Number of Measles Cases",744,217,11,15,27,329,737,66,45,594,740,13,13,26,22,19,403,517,375,189,801,538,290,146,3,5400,6850,2060,1362,1334,2300,374,359,535,729,58,292,2154,425,1405,879,800,1729,1478
"Tajikistan","TJK","Number of Measles Cases",294,454,10,NA,7,0,654,52,3,0,1,16,1,0,0,0,2,3,NA,4,2144,927,38,192,177,3070,3882,42,56,531,5045,2439,1241,6897,NA,NA,NA,NA,NA,NA,NA,NA,NA,NA
"Thailand","THA","Number of Measles Cases",64,64,NA,NA,5412,6035,1946,652,154,NA,2641,5197,3156,2583,6071,7790,3893,3588,3526,4165,4519,10315,7319,4074,3167,13734,15122,5757,11112,38659,17851,7892,26709,29244,14862,36092,42172,19545,32156,47205,34713,27691,24298,16795
"Timor-Leste","TLS","Number of Measles Cases",7,8,NA,2,22,0,0,2,43,47,4,16,763,50,10,0,0,90,203,41,94,0,NA,NA,NA,NA,NA,NA,NA,NA,NA,NA,NA,NA,NA,NA,NA,NA,NA,NA,NA,NA,NA,NA
"Togo","TGO","Number of Measles Cases",686,722,82,91,69,38,46,15,20,577,564,238,187,120,425,187,8,26,38,61,295,363,1833,3578,2540,3771,450,223,6144,7298,4017,6959,9934,4548,3499,17577,10111,13119,25729,25869,19403,21925,19043,33960
"Tokelau","TKL","Number of Measles Cases",NA,NA,NA,NA,0,0,5,NA,NA,NA,NA,NA,0,0,0,NA,NA,NA,0,0,0,NA,0,0,0,0,0,0,0,NA,0,0,0,0,0,0,0,1,41,0,1,0,0,0
"Tonga","TON","Number of Measles Cases",12,NA,NA,NA,659,0,0,0,NA,NA,0,0,0,0,0,0,0,0,0,0,0,0,4,0,6,36,1081,0,0,NA,0,10,18,65,25,0,0,233,412,5,36,19,187,2336
"Trinidad and Tobago","TTO","Number of Measles Cases",0,NA,0,0,0,0,0,0,0,0,0,0,0,0,0,0,0,0,0,0,0,0,0,0,0,0,1,0,0,0,0,0,141,511,2170,388,441,2660,3549,3556,2392,1284,3601,384
"Tunisia","TUN","Number of Measles Cases",10,11,7,20,4669,13,5,7,16,15,16,48,11,1,1,2,4,3,15,1,22,98,231,47,101,123,371,533,676,597,1413,11872,1250,547,1147,288,573,3740,4766,2481,1464,1828,3007,225
"Turkmenistan","TKM","Number of Measles Cases",0,0,0,NA,0,0,0,0,0,0,0,0,0,0,0,0,59,48,0,1,1,11,9,113,452,1035,377,96,393,2613,2486,692,1346,2806,NA,NA,NA,NA,NA,NA,NA,NA,NA,NA
"Turks and Caicos Islands","TCA","Number of Measles Cases",0,0,0,0,0,0,0,NA,NA,NA,NA,NA,NA,NA,NA,NA,NA,NA,NA,NA,0,0,0,0,0,0,0,0,4,0,0,0,8,2,0,0,0,0,2,6,100,3,16,4
"Tuvalu","TUV","Number of Measles Cases",NA,NA,NA,NA,0,NA,NA,NA,NA,NA,NA,0,0,0,0,0,0,0,0,0,0,0,0,NA,0,NA,14,51,1,0,0,1,0,NA,0,0,284,0,0,2,0,20,3,509
"Türkiye","TUR","Number of Measles Cases",NA,103,NA,NA,2904,716,84,9,342,565,7405,349,111,7,4,0,3,34,6200,8927,5844,7823,30509,16244,16329,27120,22795,27171,13544,23733,34285,24626,22521,11372,19273,9279,2194,2267,14695,30666,31515,8778,26547,8618
"Uganda","UGA","Number of Measles Cases",399,52,606,314,920,2627,1021,139,478,314,7878,2027,3312,1313,1601,1319,3776,5736,22,141,29429,49871,48543,42554,42737,42528,12562,26198,42659,49815,NA,36511,NA,2637,660,1666,NA,NA,NA,20072,43016,11408,18630,13415
"Ukraine","UKR","Number of Measles Cases",66,11,16,264,57282,53219,4782,102,105,NA,NA,12746,1333,39,NA,48,1005,42724,2392,146,411,7587,16970,817,1389,5107,7000,8678,1923,9837,23452,13289,5321,6841,NA,NA,NA,NA,NA,NA,NA,NA,NA,NA
"United Arab Emirates","ARE","Number of Measles Cases",484,98,35,50,187,172,121,223,347,344,NA,132,NA,87,NA,55,NA,NA,29,22,42,53,30,69,117,296,243,425,671,518,745,1063,1148,1187,1068,1187,2913,2158,2400,1749,2105,1691,2820,2796
"United Kingdom of Great Britain and Northern Ireland","GBR","Number of Measles Cases",493,63,2,95,1092,1216,364,558,91,133,1919,2092,1112,443,1212,1445,1022,764,79,189,460,314,73,104,NA,74,4844,6866,9017,23525,12018,12317,11727,28228,30160,88259,44850,90214,104774,67632,114948,105642,61779,147962
"United Republic of Tanzania","TZA","Number of Measles Cases",2887,612,0,127,120,74,852,33,30,88,185,1668,1622,167,1574,3413,7726,2362,23,1419,1673,5131,11847,14649,5887,10023,7287,10676,3160,3558,16471,13040,27188,14920,7033,14568,42109,38229,46032,39311,68804,102127,79764,63100
"United States of America","USA","Number of Measles Cases",NA,NA,14,1275,NA,375,120,85,188,667,187,55,220,63,71,140,43,55,66,37,56,41,116,85,100,100,138,489,309,958,312,2231,9643,27786,18193,3396,3655,6282,2822,2587,1497,1714,3124,13506
"Uruguay","URY","Number of Measles Cases",0,0,0,2,9,0,0,0,0,0,0,0,0,0,0,0,0,0,0,0,0,0,0,0,34,6,2,2,5,0,16,187,2040,110,20,76,1190,198,160,352,18,135,15465,141
"Uzbekistan","UZB","Number of Measles Cases",1176,7,0,4103,1672,22,0,1,22,8,0,NA,476,117,0,2,863,823,737,75,85,25,22,80,1193,875,261,228,294,1661,2354,2020,3878,3943,NA,NA,NA,NA,NA,NA,NA,NA,NA,NA
"Vanuatu","VUT","Number of Measles Cases",0,0,0,0,0,0,NA,NA,39,10,0,0,0,0,0,0,0,0,3,NA,165,101,7,9,12,NA,113,4,27,27,67,154,541,67,169,140,253,1064,940,1634,401,832,45,39
"Venezuela (Bolivarian Republic of)","VEN","Number of Measles Cases",0,NA,0,0,548,5667,727,0,0,0,0,1,0,0,0,0,32,78,0,0,0,2392,115,22,0,4,27,89,172,15364,20244,11949,15273,9881,10160,12339,19261,14026,21974,11833,11263,14200,31255,9750
"Viet Nam","VNM","Number of Measles Cases",43,23,162,846,14156,2256,227,46,256,15033,1123,578,750,2809,6582,352,17,1978,410,217,2297,6755,12058,16512,14134,11690,6507,5156,6171,11853,12015,11830,9874,8175,22332,23308,30460,68463,82231,87796,125176,72466,62400,86901
"Wallis and Futuna","WLF","Number of Measles Cases",NA,NA,NA,NA,NA,0,NA,NA,NA,NA,0,0,NA,NA,NA,NA,0,NA,NA,NA,0,NA,NA,0,0,0,0,NA,13,9,9,0,NA,NA,0,0,NA,NA,NA,4,65,87,18,342
"Yemen","YEM","Number of Measles Cases",49755,23941,4904,298,1161,10640,433,143,468,815,400,2177,2676,510,130,7,13,8079,6285,12708,8536,890,485,NA,26126,8785,51,NA,225,35,601,2420,75,NA,26681,10424,17408,15596,27997,39713,33348,24482,21355,18020
"Zambia","ZMB","Number of Measles Cases",5653,1755,55,237,15,11,13,8,9,9,35,896,13234,15754,26,140,535,459,45,35,881,25036,16997,30930,23518,NA,7140,9459,8533,14255,11829,11006,2822,6748,5747,12487,14793,23866,51000,36881,51140,73499,184210,98659
"Zimbabwe","ZWE","Number of Measles Cases",5532,5532,282,3,4,1,1,1,0,0,0,0,0,9696,853,0,242,212,420,31,998,304,529,1483,772,2049,12971,37407,8529,37785,34071,17346,24090,13728,47509,49812,17675,20388,22290,21662,36253,4941,4995,23650
